<?xml version="1.0" encoding="UTF-8"?>
<Module name="audio_lookback" Register="34" Lut="4" T_Register="1643(34)" T_Alu="335(0)" T_Lut="1765(4)" T_Bsram="50(0)">
    <SubModule name="your_instance_name"/>
    <SubModule name="WM8960_Init" Register="17" Alu="15" Lut="10" T_Register="74(17)" T_Alu="15(15)" T_Lut="183(10)" T_Bsram="1(0)">
        <SubModule name="I2C_Init_Dev" Register="9" Lut="17" T_Register="57(9)" T_Lut="173(17)" T_Bsram="1(0)">
            <SubModule name="wm8960_init_table" Bsram="1" T_Bsram="1(1)"/>
            <SubModule name="i2c_control" Register="25" Lut="73" T_Register="48(25)" T_Lut="156(73)">
                <SubModule name="i2c_bit_shift" Register="23" Lut="83" T_Register="23(23)" T_Lut="83(83)"/>
            </SubModule>
        </SubModule>
    </SubModule>
    <SubModule name="key_ctrl_top" T_Register="68(0)" T_Lut="115(0)">
        <SubModule name="key_filter0" Register="32" Lut="52" T_Register="32(32)" T_Lut="52(52)"/>
        <SubModule name="key_filter1" Register="32" Lut="56" T_Register="32(32)" T_Lut="56(56)"/>
        <SubModule name="key_ctrl" Register="4" Lut="7" T_Register="4(4)" T_Lut="7(7)"/>
    </SubModule>
    <SubModule name="sound_effect" Register="288" Alu="224" Lut="243" T_Register="712(288)" T_Alu="273(224)" T_Lut="607(243)" T_Bsram="44(0)">
        <SubModule name="fifo_8192A" Register="112" Alu="13" Lut="94" Bsram="16" T_Register="112(112)" T_Alu="13(13)" T_Lut="94(94)" T_Bsram="16(16)"/>
        <SubModule name="fifo_8192B" Register="112" Alu="13" Lut="94" Bsram="16" T_Register="112(112)" T_Alu="13(13)" T_Lut="94(94)" T_Bsram="16(16)"/>
        <SubModule name="fifo_4096" Register="104" Alu="12" Lut="87" Bsram="8" T_Register="104(104)" T_Alu="12(12)" T_Lut="87(87)" T_Bsram="8(8)"/>
        <SubModule name="fifo_2048" Register="96" Alu="11" Lut="89" Bsram="4" T_Register="96(96)" T_Alu="11(11)" T_Lut="89(89)" T_Bsram="4(4)"/>
    </SubModule>
    <SubModule name="u_uart_cmd" Register="1" Lut="5" T_Register="70(1)" T_Lut="124(5)">
        <SubModule name="uut" Register="69" Lut="119" T_Register="69(69)" T_Lut="119(119)"/>
    </SubModule>
    <SubModule name="i2s_rx" Register="81" Lut="69" T_Register="188(81)" T_Alu="16(0)" T_Lut="128(69)" T_Bsram="1(0)">
        <SubModule name="adc_fifo" Register="32" T_Register="107(32)" T_Alu="16(0)" T_Lut="59(0)" T_Bsram="1(0)">
            <SubModule name="async_fifo_ctrl_inst" Register="75" Alu="16" Lut="59" T_Register="75(75)" T_Alu="16(16)" T_Lut="59(59)"/>
            <SubModule name="dpram_inst" Bsram="1" T_Bsram="1(1)"/>
        </SubModule>
    </SubModule>
    <SubModule name="i2s_tx" Register="46" Lut="46" T_Register="153(46)" T_Alu="16(0)" T_Lut="106(46)" T_Bsram="1(0)">
        <SubModule name="dac_fifo" Register="32" T_Register="107(32)" T_Alu="16(0)" T_Lut="60(0)" T_Bsram="1(0)">
            <SubModule name="async_fifo_ctrl_inst" Register="75" Alu="16" Lut="60" T_Register="75(75)" T_Alu="16(16)" T_Lut="60(60)"/>
            <SubModule name="dpram_inst" Bsram="1" T_Bsram="1(1)"/>
        </SubModule>
    </SubModule>
    <SubModule name="gw_gao_inst_0" Register="344" Alu="15" Lut="498" Bsram="3" T_Register="344(344)" T_Alu="15(15)" T_Lut="498(498)" T_Bsram="3(3)"/>
</Module>
