{
 "Device" : "GW5A-25A",
 "Files" : [
  {
   "Path" : "F:/Document/FPGA/Project/ch62_audio_loopback2/src/WM8960_Init/I2C_Init_Dev.v",
   "Type" : "verilog"
  },
  {
   "Path" : "F:/Document/FPGA/Project/ch62_audio_loopback2/src/WM8960_Init/WM8960_Init.v",
   "Type" : "verilog"
  },
  {
   "Path" : "F:/Document/FPGA/Project/ch62_audio_loopback2/src/WM8960_Init/i2c_bit_shift.v",
   "Type" : "verilog"
  },
  {
   "Path" : "F:/Document/FPGA/Project/ch62_audio_loopback2/src/WM8960_Init/i2c_control.v",
   "Type" : "verilog"
  },
  {
   "Path" : "F:/Document/FPGA/Project/ch62_audio_loopback2/src/WM8960_Init/wm8960_init_table.v",
   "Type" : "verilog"
  },
  {
   "Path" : "F:/Document/FPGA/Project/ch62_audio_loopback2/src/equalizer.v",
   "Type" : "verilog"
  },
  {
   "Path" : "F:/Document/FPGA/Project/ch62_audio_loopback2/src/fifo/async_fifo.v",
   "Type" : "verilog"
  },
  {
   "Path" : "F:/Document/FPGA/Project/ch62_audio_loopback2/src/fifo/async_fifo_ctrl.v",
   "Type" : "verilog"
  },
  {
   "Path" : "F:/Document/FPGA/Project/ch62_audio_loopback2/src/fifo/dpram.v",
   "Type" : "verilog"
  },
  {
   "Path" : "F:/Document/FPGA/Project/ch62_audio_loopback2/src/fifo_ddr3_adapter.v",
   "Type" : "verilog"
  },
  {
   "Path" : "F:/Document/FPGA/Project/ch62_audio_loopback2/src/fifo_top/fifo_16384.v",
   "Type" : "verilog"
  },
  {
   "Path" : "F:/Document/FPGA/Project/ch62_audio_loopback2/src/fifo_top/fifo_2048.v",
   "Type" : "verilog"
  },
  {
   "Path" : "F:/Document/FPGA/Project/ch62_audio_loopback2/src/fifo_top/fifo_4096.v",
   "Type" : "verilog"
  },
  {
   "Path" : "F:/Document/FPGA/Project/ch62_audio_loopback2/src/fifo_top/fifo_8192.v",
   "Type" : "verilog"
  },
  {
   "Path" : "F:/Document/FPGA/Project/ch62_audio_loopback2/src/gowin_pll/gowin_pll.v",
   "Type" : "verilog"
  },
  {
   "Path" : "F:/Document/FPGA/Project/ch62_audio_loopback2/src/i2s/i2s_rx.v",
   "Type" : "verilog"
  },
  {
   "Path" : "F:/Document/FPGA/Project/ch62_audio_loopback2/src/i2s/i2s_tx.v",
   "Type" : "verilog"
  },
  {
   "Path" : "F:/Document/FPGA/Project/ch62_audio_loopback2/src/integer_division/integer_division.v",
   "Type" : "verilog"
  },
  {
   "Path" : "F:/Document/FPGA/Project/ch62_audio_loopback2/src/key_control.v",
   "Type" : "verilog"
  },
  {
   "Path" : "F:/Document/FPGA/Project/ch62_audio_loopback2/src/key_filter.v",
   "Type" : "verilog"
  },
  {
   "Path" : "F:/Document/FPGA/Project/ch62_audio_loopback2/src/keycontrol_top.v",
   "Type" : "verilog"
  },
  {
   "Path" : "F:/Document/FPGA/Project/ch62_audio_loopback2/src/sound_effect.v",
   "Type" : "verilog"
  },
  {
   "Path" : "F:/Document/FPGA/Project/ch62_audio_loopback2/src/top/audio_lookback.v",
   "Type" : "verilog"
  },
  {
   "Path" : "F:/Document/FPGA/Project/ch62_audio_loopback2/src/uart_byte_rx.v",
   "Type" : "verilog"
  },
  {
   "Path" : "F:/Document/FPGA/Project/ch62_audio_loopback2/src/uart_cmd.v",
   "Type" : "verilog"
  }
 ],
 "IncludePath" : [

 ],
 "LoopLimit" : 2000,
 "ResultFile" : "F:/Document/FPGA/Project/ch62_audio_loopback2/impl/temp/rtl_parser.result",
 "Top" : "audio_lookback",
 "VerilogStd" : "verilog_2001",
 "VhdlStd" : "vhdl_93"
}